<?xml version='1.0' encoding='UTF-8'?>  
<!DOCTYPE hibernate-mapping PUBLIC  
 "-//Hibernate/Hibernate Mapping DTD 5.3//EN"  
 "http://hibernate.sourceforge.net/hibernate-mapping-5.3.dtd">  
  
 <hibernate-mapping>  
 
 
  <class name="Employee" table="Emp">  
    <id name="empId" column="emp_id">  
     <generator class="assigned"></generator>  
    </id>  
            
    <property name="empName"  column="emp_name"></property>  
    <property name="empSal" column="emp_sal"></property>  
            
  </class>  
            
 </hibernate-mapping>  