<?xml version="1.0" encoding="UTF-8"?>

<beans xmlns="http://www.springframework.org/schema/beans"
	xmlns:xsi="http://www.w3.org/2001/XMLSchema-instance" xmlns:p="http://www.springframework.org/schema/p"
	xsi:schemaLocation="http://www.springframework.org/schema/beans  
               http://www.springframework.org/schema/beans/spring-beans-3.0.xsd">






<bean id="libraryBean" class="Library" autowire="byName">
		<property name="libraryId" value="10101"></property>
		<property name="libraryName" value="AVG Library"></property>
				
</bean>


<bean id="book" class="Book">
		<property name="bookId" value="2001"></property>
		<property name="bookName" value="Spring Book"></property>		
</bean>




	<bean id="stationBean" class="Station">
		<property name="stationId" value="1001"></property>
		<property name="stationName" value="RAL"></property>
		<property name="trainList">
			<list>
				<value>RAL Super Fast Exp</value>
				<value>Simhapuri Super Fast Exp</value>
				<value>Narayanadri Super Fast Exp</value>
			</list>

		</property>
	</bean>




	<bean id="stationBean2" class="Station">
		<constructor-arg name="stationId" value="10002"></constructor-arg>
		<constructor-arg name="stationName" value="Guntur"></constructor-arg>
		<constructor-arg name="trainList">
			<list>
				<value>KCG superfast Exp</value>
				<value>Sevenhills Super Fast Exp</value>
				<value>Garudari Super Fast Exp</value>
			</list>
		</constructor-arg>

	</bean>



	<bean id="empBean" class="Employee">

		<property name="empId" value="101"></property>
		<property name="empName" value="Ram"></property>
		<property name="empSal" value="50000"></property>
		<property name="st" ref="studentBean"></property>

	</bean>




	<bean id="empBean2" class="Employee">
		<constructor-arg name="empId" value="110"></constructor-arg>
		<constructor-arg name="empName" value="Math"></constructor-arg>
		<constructor-arg name="empSal" value="80000"></constructor-arg>

	</bean>





	<bean id="studentBean" class="Student" autowire="byType">

		<property name="studentId" value="110"></property>
		<property name="studentName" value="Ravi"></property>
		<property name="studentMarks" value="96"></property>

		<property name="subjectList">

			<list>
				<value>Maths</value>
				<value>Telugu</value>
				<value>English</value>
			</list>


		</property>

	</bean>



	<bean id="faculty" class="Faculty">

		<property name="facId" value="150"></property>
		<property name="facName" value="Math"></property>


	</bean>




</beans>  