<?xml version="1.0" encoding="UTF-8"?>  

<beans  
    xmlns="http://www.springframework.org/schema/beans"  
    xmlns:xsi="http://www.w3.org/2001/XMLSchema-instance"  
    xmlns:p="http://www.springframework.org/schema/p"  
    xsi:schemaLocation="http://www.springframework.org/schema/beans  
               http://www.springframework.org/schema/beans/spring-beans-3.0.xsd">  
  
<bean id="empBean" class="Employee">
  
<property name="empId" value="101"></property>
<property name="empName" value="Ram"></property>
<property name="empSal" value="50000"></property> 
 
</bean> 

<bean id="empBean2" class="Employee">
  
<property name="empId" value="103"></property>
<property name="empName" value="Krish"></property>
<property name="empSal" value="70000"></property> 
 
</bean>



<bean id="studentBean" class="Student">
  
<property name="studentId" value="110"></property>
<property name="studentName" value="Ravi"></property>
<property name="studentMarks" value="96"></property> 
 
</bean>  



  
</beans>  