<?xml version='1.0' encoding='UTF-8'?>  
<!DOCTYPE hibernate-mapping PUBLIC  
 "-//Hibernate/Hibernate Mapping DTD 5.3//EN"  
 "http://hibernate.sourceforge.net/hibernate-mapping-5.3.dtd">  
  
 <hibernate-mapping>  
 
 
  <class name="Address" table="Address">  
    <id name="addressId" column="address_Id">  
     <generator class="foreign">
     <param name="property">employee</param>
     </generator>  
    </id>  
            
    <property name="city"  column="city"></property>  
    <property name="pincode" column="pincode"></property>  
    
    <one-to-one name="employee"></one-to-one>
            
  </class>  
            
 </hibernate-mapping>  