<?xml version='1.0' encoding='UTF-8'?>  
<!DOCTYPE hibernate-mapping PUBLIC  
 "-//Hibernate/Hibernate Mapping DTD 5.3//EN"  
 "http://hibernate.sourceforge.net/hibernate-mapping-5.3.dtd">  
  
 <hibernate-mapping> 
  
  <class name="College" table="college">  
    <id name="collegeId" column="college_id" >  
     <generator class="increment"></generator>  
    </id>  
            
    <property name="collegeName"  column="college_name"></property> 
    <property name="collegeAddress"  column="college_address"></property> 
  </class>    
            
 </hibernate-mapping>  