<?xml version='1.0' encoding='UTF-8'?>  
<!DOCTYPE hibernate-mapping PUBLIC  
 "-//Hibernate/Hibernate Mapping DTD 5.3//EN"  
 "http://hibernate.sourceforge.net/hibernate-mapping-5.3.dtd">  
  
 <hibernate-mapping>  
 
 
  <class name="Faculty" table="Faculty">  
    <id name="facId" column="fac_id" >  
     <generator class="increment"></generator>  
    </id>  
            
    <property name="facName"  column="fac_name"></property>  
    <property name="facSal"  column="fac_sal"></property> 
    <many-to-one  name="college" cascade="all" ></many-to-one> 
     
               
  </class>  
  
  
 
  
            
 </hibernate-mapping>  