<?xml version='1.0' encoding='UTF-8'?>  
<!DOCTYPE hibernate-mapping PUBLIC  
 "-//Hibernate/Hibernate Mapping DTD 5.3//EN"  
 "http://hibernate.sourceforge.net/hibernate-mapping-5.3.dtd">  
  
 <hibernate-mapping>  
 
 
  <class name="Station" table="Station">  
    <id name="stationId" column="station_id">  
     <generator class="increment"></generator>  
    </id>  
            
    <property name="stationName"  column="station_name"></property>  
   
    
    <list name="trainList" cascade="all" table="stn_trn" fetch="select">
    <key column="station_id"></key>
     <index column="type"></index>
    
    <many-to-many class="Train" column="train_id"></many-to-many>
    
    
    </list>
            
  </class>  
  
  
  <class name="Train" table="Train">  
    <id name="trainId" column="train_id">  
     <generator class="increment"></generator>  
    </id>  
            
    <property name="trainName"  column="train_name"></property>  
   
  
            
  </class>  
  
  
  
  
  
            
 </hibernate-mapping>  