<?xml version='1.0' encoding='UTF-8'?>  
<!DOCTYPE hibernate-mapping PUBLIC  
 "-//Hibernate/Hibernate Mapping DTD 5.3//EN"  
 "http://hibernate.sourceforge.net/hibernate-mapping-5.3.dtd">  
  
 <hibernate-mapping>  
 
 
  <class name="Student" table="Student">  
    <id name="studentId" column="student_id" >  
     <generator class="increment"></generator>  
    </id>  
            
    <property name="studentName"  column="student_name"></property>     
    
     <list name="courses" cascade="all">
     <key column="studentId"></key>
     <index column="type"></index>     
     
     <one-to-many class="Course"></one-to-many> 
     </list>
               
  </class>  
  
  
  <class name="Course" table="Course">  
    <id name="courseId" column="course_id" >  
     <generator class="increment"></generator>  
    </id>  
            
    <property name="courseName"  column="course_name"></property>     
    
    
               
  </class>  
  
  
  
  
  
  
  
            
 </hibernate-mapping>  